id,source_x,source_y,reference_x,reference_y,refined_ref_x,refined_ref_y,subpixel_dx,subpixel_dy,confidence,is_inlier,grid_cell_x,grid_cell_y,residual_px
106,282.0,355.0,265.0,364.0,263.90776780992746,363.99018087796867,-1.0922321900725365,-0.009819122031331062,0.37597320372063575,True,5,7,0.15148687362670898
6,308.0,375.0,290.0,385.0,289.16155031323433,385.07720182836056,-0.8384496867656708,0.07720182836055756,0.3064202356847909,True,5,7,0.10717113316059113
0,306.0,352.0,288.0,362.0,288.0019710646011,361.93264193087816,0.0019710646010935307,-0.06735806912183762,0.294215930012126,True,5,7,0.0698925331234932
205,314.0,387.0,295.0,397.0,294.96541218087077,397.0317253805697,-0.03458781912922859,0.031725380569696426,0.2596492819531759,True,5,7,0.24449175596237183
1,75.0,153.0,64.0,155.0,64.0808144658804,155.03931088373065,0.08081446588039398,0.03931088373064995,0.2734662430648711,True,1,3,0.08746154606342316
295,105.0,190.0,92.0,194.0,92.90118198096752,192.94992827996612,0.9011819809675217,-1.050071720033884,0.09510257694566135,True,1,3,0.09560169279575348
47,354.0,92.0,345.0,104.0,345.02172537148,103.97512422129512,0.021725371479988098,-0.024875778704881668,0.2663681334792275,True,6,2,0.24548213183879852
2,319.0,124.0,308.0,134.0,308.9274455755949,134.57183000445366,0.927445575594902,0.5718300044536591,0.25262818772825957,True,6,2,0.138539120554924
110,330.0,127.0,321.0,137.0,320.0116238836199,137.88488587737083,-0.9883761163800955,0.8848858773708344,0.20387560025900242,True,6,2,0.07327720522880554
201,338.0,114.0,329.0,124.0,328.5224094390869,124.87914773076773,-0.47759056091308594,0.8791477307677269,0.13419943603464846,False,6,2,0.0
189,291.0,436.0,270.0,445.0,270.6555241346359,444.91564106941223,0.6555241346359253,-0.08435893058776855,0.38641935526433047,True,5,8,0.755099356174469
3,278.0,443.0,259.0,450.0,256.9816056024283,451.95002065971494,-2.018394397571683,1.9500206597149372,0.2851575642420496,True,5,8,0.11631182581186295
143,322.0,439.0,300.0,450.0,300.3741503059864,450.0866374671459,0.3741503059864044,0.0866374671459198,0.22551156470572187,True,5,8,0.8499920964241028
31,323.0,410.0,303.0,420.0,302.17280727624893,420.93366473168135,-0.8271927237510681,0.9336647316813469,0.1895003845067644,True,5,8,0.934596598148346
4,377.0,276.0,362.0,288.0,361.86872209608555,288.350434422493,-0.1312779039144516,0.35043442249298096,0.3216261502038917,True,7,5,0.1991276741027832
70,397.0,279.0,382.0,292.0,381.8223938345909,292.08747758716345,-0.17760616540908813,0.08747758716344833,0.2936464061958511,False,7,5,0.0
304,378.0,257.0,364.0,268.0,363.35464084148407,269.49253329634666,-0.6453591585159302,1.4925332963466644,0.291131029412162,False,7,5,0.0
274,413.0,259.0,398.0,272.0,398.2012422680855,272.91327695548534,0.20124226808547974,0.9132769554853439,0.2600859346319369,True,7,5,0.21968552470207214
40,201.0,162.0,190.0,168.0,190.01682963967323,168.09019818156958,0.016829639673233032,0.09019818156957626,0.4914299434649253,False,3,3,0.0
263,190.0,177.0,178.0,182.0,178.2478483170271,183.19995357096195,0.24784831702709198,1.1999535709619522,0.348143808809029,False,3,3,0.0
217,183.0,198.0,171.0,204.0,170.99141521099955,203.34132730960846,-0.008584789000451565,-0.6586726903915405,0.24490486170452339,True,3,3,0.603473424911499
46,197.0,196.0,184.0,202.0,184.7331941127777,202.08559846878052,0.73319411277771,0.08559846878051758,0.23846142505752224,True,3,3,0.1909422129392624
312,343.0,189.0,331.0,198.0,332.01231324113905,199.02682838588953,1.0123132411390543,1.0268283858895302,0.38872906431273135,True,6,3,1.789072036743164
7,363.0,176.0,351.0,188.0,351.0985011085868,188.01495560444891,0.09850110858678818,0.014955604448914528,0.2636366504907162,True,6,3,0.10056237876415253
86,363.0,190.0,350.0,200.0,350.74383264780045,201.72914764285088,0.7438326478004456,1.7291476428508759,0.2604841255182654,False,6,3,0.0
82,363.0,157.0,352.0,169.0,351.87856904417276,169.02955408021808,-0.12143095582723618,0.029554080218076706,0.1429355686439131,True,6,3,0.016918970271945
98,194.0,300.0,178.0,306.0,178.01903082057834,306.0069671543315,0.019030820578336716,0.006967154331505299,0.3998187150057502,True,3,5,0.11928818374872208
39,210.0,298.0,195.0,304.0,193.88242691010237,304.81767070293427,-1.1175730898976326,0.8176707029342651,0.29256049691568947,True,3,5,0.21297571063041687
185,196.0,279.0,181.0,286.0,180.64983624219894,284.976101314649,-0.3501637578010559,-1.0238986853510141,0.2388671949400174,True,3,5,0.1748960167169571
279,175.0,263.0,162.0,269.0,159.281201004982,269.0930415317416,-2.7187989950180054,0.09304153174161911,0.21138270824214928,True,3,5,1.162928819656372
68,278.0,139.0,268.0,148.0,267.6095798611641,147.9446146376431,-0.390420138835907,-0.05538536235690117,0.48099797551490764,False,5,2,0.0
177,282.0,117.0,273.0,126.0,272.78870409727097,125.80404809117317,-0.21129590272903442,-0.195951908826828,0.3990377875742518,True,5,2,0.626825749874115
76,300.0,142.0,289.0,152.0,289.19828198850155,152.03431468456984,0.19828198850154877,0.03431468456983566,0.2210171858381125,True,5,2,0.3095477819442749
292,266.0,121.0,260.0,130.0,256.0,130.0,-4.0,0.0,0.15179936545341866,True,5,2,0.38918396830558777
262,327.0,267.0,312.0,278.0,311.89849699288607,277.8862165212631,-0.10150300711393356,-0.11378347873687744,0.5194433981000324,True,6,5,0.22514766454696655
17,324.0,281.0,309.0,291.0,308.81834211945534,290.9329304173589,-0.18165788054466248,-0.06706958264112473,0.3605155007985975,True,6,5,0.7194947004318237
26,364.0,284.0,350.0,295.0,348.46774089336395,296.1883670836687,-1.5322591066360474,1.1883670836687088,0.3476736854252716,True,6,5,0.2051694244146347
100,346.0,259.0,332.0,270.0,330.90292343497276,270.5226040184498,-1.097076565027237,0.5226040184497833,0.3151904083781658,True,6,5,0.4304324686527252
11,165.0,197.0,153.0,202.0,152.63847601413727,201.89435245841742,-0.36152398586273193,-0.10564754158258438,0.38482526732970995,True,2,3,0.21373023092746735
69,131.0,200.0,118.0,204.0,118.51097297668457,203.86757040023804,0.5109729766845703,-0.1324295997619629,0.2770674695601567,True,2,3,0.061214037239551544
13,187.0,303.0,171.0,309.0,170.78015087544918,308.8091319054365,-0.2198491245508194,-0.1908680945634842,0.3389564764072589,True,3,6,0.0461292639374733
33,180.0,335.0,163.0,341.0,162.96783265471458,340.31544932723045,-0.03216734528541565,-0.6845506727695465,0.2993506545793288,True,3,6,0.3906618356704712
12,184.0,313.0,169.0,321.0,168.05094109848142,318.3069109916687,-0.9490589015185833,-2.693089008331299,0.22120240048605333,True,3,6,0.721544086933136
37,364.0,303.0,348.0,315.0,347.827623590827,314.8466450870037,-0.17237640917301178,-0.15335491299629211,0.33897471868660134,True,6,6,0.1538165807723999
95,331.0,337.0,313.0,348.0,313.7080120742321,347.8232567757368,0.7080120742321014,-0.17674322426319122,0.3035664325977428,True,6,6,0.12635818123817444
273,325.0,310.0,308.0,320.0,306.0,324.0,-2.0,4.0,0.22410151696321567,False,6,6,0.0
134,367.0,338.0,349.0,351.0,349.40681114792824,350.145842730999,0.4068111479282379,-0.8541572690010071,0.22193929214878771,True,6,6,0.14017227292060852
16,191.0,401.0,171.0,407.0,171.1548130363226,407.0805974006653,0.1548130363225937,0.0805974006652832,0.3777221335532464,True,3,7,0.2298448532819748
116,181.0,391.0,162.0,398.0,161.92768122255802,396.31988951563835,-0.07231877744197845,-1.6801104843616486,0.3330521999917439,True,3,7,0.3777618706226349
99,193.0,356.0,175.0,362.0,174.9605780132115,361.98508505057544,-0.039421986788511276,-0.014914949424564838,0.3237170115258079,True,3,7,0.058863501995801926
112,213.0,380.0,194.0,387.0,194.07916697114706,386.89200370013714,0.0791669711470604,-0.10799629986286163,0.2759353163844025,True,3,7,0.1549277901649475
18,292.0,31.0,285.0,41.0,284.985048298724,40.7789738625288,-0.014951701276004314,-0.22102613747119904,0.3276817529345415,True,5,0,0.3704206347465515
23,278.0,20.0,272.0,29.0,271.7706397473812,28.896291114389896,-0.22936025261878967,-0.10370888561010361,0.2564365909527751,True,5,0,0.2810303270816803
20,143.0,319.0,126.0,323.0,126.36049780249596,323.123045951128,0.3604978024959564,0.12304595112800598,0.2751803175340565,True,2,6,0.20973581075668335
126,123.0,312.0,108.0,315.0,106.13994005322456,315.8338504731655,-1.8600599467754364,0.8338504731655121,0.2612003132750967,True,2,6,0.4277881681919098
207,161.0,321.0,141.0,326.0,144.04289115220308,326.0054609021172,3.042891152203083,0.005460902117192745,0.1319691562616984,False,2,6,0.0
181,262.0,362.0,244.0,370.0,244.1673020720482,370.3667403757572,0.16730207204818726,0.3667403757572174,0.44882541679864085,True,4,7,0.4457661211490631
226,236.0,380.0,216.0,389.0,216.07496248930693,389.16522888839245,0.07496248930692673,0.16522888839244843,0.3888247628467831,True,4,7,1.9243029356002808
300,239.0,361.0,222.0,368.0,221.71305084228516,367.8726965636015,-0.28694915771484375,-0.12730343639850616,0.3443588078987475,True,4,7,1.217225432395935
91,230.0,396.0,210.0,403.0,210.7950484752655,402.88630410283804,0.7950484752655029,-0.1136958971619606,0.31442281185845,True,4,7,0.5138244032859802
192,116.0,248.0,103.0,251.0,102.10698366910219,251.12411388009787,-0.8930163308978081,0.12411388009786606,0.41382826532825756,True,2,4,0.41925930976867676
255,162.0,245.0,148.0,251.0,147.97019567154348,250.1741910725832,-0.029804328456521034,-0.8258089274168015,0.36350103661699545,True,2,4,0.22351957857608795
246,138.0,202.0,125.0,205.0,125.62528297305107,206.1205500215292,0.6252829730510712,1.1205500215291977,0.345709351278581,True,2,4,0.23433172702789307
24,158.0,201.0,146.0,206.0,145.33936887979507,206.04434802383184,-0.6606311202049255,0.04434802383184433,0.2958336798424221,True,2,4,0.21297311782836914
90,333.0,436.0,312.0,446.0,312.1054671406746,447.01890972442925,0.10546714067459106,1.0189097244292498,0.353641359991413,True,6,8,0.11744417250156403
172,347.0,446.0,325.0,457.0,325.72422352433205,457.18024407327175,0.7242235243320465,0.1802440732717514,0.1755486540355268,True,6,8,0.20997819304466248
149,374.0,436.0,353.0,448.0,353.30847269296646,448.4719194471836,0.3084726929664612,0.471919447183609,0.14566380439354296,False,6,8,0.0
27,341.0,421.0,320.0,433.0,320.57443165779114,431.8632983267307,0.5744316577911377,-1.1367016732692719,0.13877558354635133,False,6,8,0.0
247,323.0,78.0,314.0,90.0,314.8797599300742,88.09670005738735,0.8797599300742149,-1.903299942612648,0.26446104389328196,False,6,1,0.0
133,329.0,43.0,321.0,53.0,321.96403529495,54.06209697574377,0.9640352949500084,1.0620969757437706,0.2254109353842452,False,6,1,0.0
28,346.0,48.0,338.0,58.0,338.99941801128443,59.14928928017616,0.9994180112844333,1.1492892801761627,0.22349601100377936,True,6,1,0.4875030517578125
231,361.0,80.0,355.0,91.0,352.4647538661957,92.42551907896996,-2.5352461338043213,1.4255190789699554,0.17896620991956125,True,6,1,0.41739413142204285
29,253.0,323.0,236.0,331.0,236.09920445084572,331.2465816438198,0.09920445084571838,0.24658164381980896,0.2925794031955904,True,4,6,0.1216188296675682
34,237.0,350.0,219.0,358.0,218.89612318575382,357.8435969352722,-0.10387681424617767,-0.1564030647277832,0.16749033023272694,True,4,6,0.3771125078201294
303,239.0,326.0,222.0,334.0,222.01499379146844,334.15155886113644,0.014993791468441486,0.15155886113643646,0.10766337687271187,True,4,6,0.5130860209465027
204,82.0,389.0,63.0,391.0,62.982394794002175,390.98441834002733,-0.01760520599782467,-0.015581659972667694,0.4425151564826778,False,1,7,0.0
30,94.0,369.0,76.0,371.0,75.255994617939,371.8282154351473,-0.7440053820610046,0.8282154351472855,0.42692303034907014,True,1,7,0.31500017642974854
51,96.0,381.0,78.0,384.0,77.16945469379425,383.8660128414631,-0.8305453062057495,-0.133987158536911,0.3486139123820196,True,1,7,0.2129289209842682
199,83.0,358.0,66.0,359.0,65.182274132967,360.34185871481895,-0.8177258670330048,1.3418587148189545,0.22499859316067897,True,1,7,0.33040061593055725
55,490.0,351.0,472.0,367.0,472.7240649163723,367.04567927867174,0.7240649163722992,0.045679278671741486,0.2516630765304836,True,9,7,0.7840983271598816
32,502.0,369.0,485.0,386.0,482.9390944465995,385.90825340896845,-2.0609055534005165,-0.09174659103155136,0.23170536246061815,True,9,7,0.4511542320251465
60,81.0,315.0,65.0,318.0,64.44591489434242,317.24917006492615,-0.5540851056575775,-0.7508299350738525,0.27072282053691576,True,1,6,0.10908611118793488
298,114.0,323.0,99.0,326.0,97.36254197359085,326.25595408678055,-1.6374580264091492,0.2559540867805481,0.23050611759504697,False,1,6,0.0
35,68.0,323.0,52.0,323.0,51.08149668574333,324.9587062969804,-0.9185033142566681,1.958706296980381,0.2303790776855602,True,1,6,0.2590715289115906
284,101.0,331.0,86.0,332.0,83.74916592240334,333.6338582634926,-2.2508340775966644,1.6338582634925842,0.2061461533737146,True,1,6,0.2294101119041443
36,97.0,219.0,83.0,222.0,83.27098363637924,222.06526523828506,0.27098363637924194,0.0652652382850647,0.36686627864490956,True,1,4,0.6309261918067932
52,85.0,240.0,71.0,242.0,71.16556556522846,242.23443926870823,0.16556556522846222,0.23443926870822906,0.27906713608285977,True,1,4,0.12684209644794464
265,162.0,260.0,148.0,263.0,147.23263463377953,264.9701701439917,-0.7673653662204742,1.9701701439917088,0.3838140006854251,True,2,5,0.10729148983955383
87,134.0,301.0,118.0,305.0,117.82303999364376,304.7101167142391,-0.17696000635623932,-0.2898832857608795,0.2683529218178343,True,2,5,0.291869193315506
107,121.0,287.0,106.0,290.0,104.5796351134777,290.67053121328354,-1.420364886522293,0.6705312132835388,0.23661393806809267,True,2,5,0.8199654817581177
104,126.0,256.0,111.0,260.0,111.30619272589684,260.130413249135,0.3061927258968353,0.1304132491350174,0.20108703304199188,True,2,5,0.44841238856315613
43,338.0,32.0,331.0,43.0,331.19871141016483,43.175426945090294,0.19871141016483307,0.17542694509029388,0.2408820333568853,True,6,0,0.10614057630300522
97,398.0,464.0,377.0,477.0,376.2401470988989,477.11077842116356,-0.7598529011011124,0.11077842116355896,0.29120606045936304,True,7,9,0.13628463447093964
186,383.0,451.0,362.0,462.0,361.39534255862236,464.3317632973194,-0.6046574413776398,2.3317632973194122,0.2273406397595714,False,7,9,0.0
45,404.0,452.0,384.0,466.0,382.13133729994297,465.7028277814388,-1.8686627000570297,-0.2971722185611725,0.15264112432676902,True,7,9,0.52475905418396
48,207.0,91.0,198.0,98.0,197.88507229089737,97.6165061891079,-0.11492770910263062,-0.3834938108921051,0.2865816593914351,True,3,1,0.39820027351379395
49,162.0,74.0,154.0,79.0,153.9427007958293,78.99528350727633,-0.05729920417070389,-0.004716492723673582,0.27504934740818415,False,3,1,0.0
218,200.0,81.0,193.0,87.0,191.84885521233082,87.11696919798851,-1.1511447876691818,0.11696919798851013,0.1187044750497879,True,3,1,0.3410860002040863
61,473.0,338.0,456.0,355.0,455.39543759822845,353.98669356293976,-0.6045624017715454,-1.013306437060237,0.27246552573639127,True,8,6,0.24072663486003876
50,476.0,298.0,460.0,313.0,459.923025354743,314.03127517551184,-0.07697464525699615,1.031275175511837,0.2123958966699378,True,8,6,0.17219798266887665
53,462.0,328.0,446.0,344.0,444.9022976756096,343.31928756833076,-1.0977023243904114,-0.6807124316692352,0.1394533351810529,True,8,6,0.10084143280982971
54,117.0,271.0,102.0,274.0,102.57234913110733,273.87260714173317,0.5723491311073303,-0.12739285826683044,0.2902095015872067,False,1,5,0.0
228,109.0,297.0,93.0,303.0,92.83446775376797,300.5967783629894,-0.16553224623203278,-2.4032216370105743,0.20981843994960947,True,1,5,0.513315737247467
176,448.0,150.0,436.0,165.0,437.01469422411174,164.9716750830412,1.0146942241117358,-0.0283249169588089,0.4359281578103408,True,8,3,0.027444317936897278
290,439.0,177.0,427.0,192.0,427.00567980576307,192.06978310644627,0.005679805763065815,0.06978310644626617,0.3579823572478445,True,8,3,0.42258429527282715
236,438.0,162.0,425.0,176.0,426.3668685555458,177.2521708905697,1.3668685555458069,1.252170890569687,0.2592510004205162,True,8,3,0.668647825717926
58,456.0,169.0,444.0,184.0,444.6338894367218,184.15955260396004,0.6338894367218018,0.15955260396003723,0.21675561794971498,True,8,3,0.28882765769958496
296,182.0,416.0,162.0,421.0,161.67769381403923,421.59032943844795,-0.32230618596076965,0.5903294384479523,0.34675032403695905,True,3,8,0.1747709959745407
146,180.0,443.0,159.0,448.0,159.13166683912277,448.36851367354393,0.13166683912277222,0.36851367354393005,0.31534298470588623,True,3,8,0.350746750831604
281,408.0,157.0,397.0,171.0,397.0010418818565,170.39791497588158,0.001041881856508553,-0.6020850241184235,0.3291773050386355,True,7,3,0.261900395154953
135,421.0,172.0,409.0,186.0,409.2958790361881,186.08012333512306,0.2958790361881256,0.08012333512306213,0.3212463404111543,True,7,3,0.04648355394601822
225,391.0,148.0,379.0,162.0,380.167837202549,161.15697453916073,1.1678372025489807,-0.8430254608392715,0.2839818819290979,False,7,3,0.0
83,399.0,172.0,386.0,186.0,388.01527533121407,185.2070031762123,2.0152753312140703,-0.7929968237876892,0.2488576867956437,False,7,3,0.0
237,460.0,199.0,446.0,215.0,448.06429651379585,214.11185515671968,2.0642965137958527,-0.8881448432803154,0.35348222933981804,False,8,4,0.0
232,428.0,212.0,414.0,225.0,413.9157360345125,226.9343472197652,-0.08426396548748016,1.9343472197651863,0.32686760344181987,True,8,4,1.189967393875122
180,472.0,241.0,459.0,256.0,457.9666772335768,256.08325515687466,-1.0333227664232254,0.08325515687465668,0.3026267359254292,False,8,4,0.0
65,440.0,206.0,427.0,221.0,426.61942809820175,220.75059354305267,-0.3805719017982483,-0.24940645694732666,0.30017025193927804,True,8,4,0.47513091564178467
213,134.0,433.0,114.0,437.0,113.21038146317005,436.95008670538664,-0.7896185368299484,-0.04991329461336136,0.3342740851550404,False,2,8,0.0
221,170.0,424.0,150.0,430.0,150.00606995821,429.0454752370715,0.006069958209991455,-0.9545247629284859,0.2967055077192957,False,2,8,0.0
305,158.0,430.0,138.0,435.0,137.37745961546898,434.9349711984396,-0.6225403845310211,-0.06502880156040192,0.2916143473105217,False,2,8,0.0
277,128.0,413.0,108.0,413.0,108.0,417.0,0.0,4.0,0.07803856258370225,True,2,8,0.20948119461536407
67,370.0,363.0,353.0,375.0,352.0857596024871,375.0824456959963,-0.9142403975129128,0.08244569599628448,0.2678931877910626,True,6,7,0.44258826971054077
264,356.0,347.0,338.0,359.0,338.1445047110319,359.15596014261246,0.14450471103191376,0.15596014261245728,0.24704253756299216,True,6,7,0.46604010462760925
74,126.0,46.0,119.0,50.0,118.91406580805779,49.95234789699316,-0.08593419194221497,-0.04765210300683975,0.2334661031589812,False,2,0,0.0
138,205.0,127.0,195.0,133.0,194.93255714327097,133.51573300361633,-0.06744285672903061,0.515733003616333,0.32696372622452813,True,3,2,0.08460039645433426
128,201.0,111.0,192.0,118.0,191.19766707718372,117.75662010908127,-0.8023329228162766,-0.2433798909187317,0.27393045644691677,True,3,2,0.5253434181213379
212,204.0,146.0,194.0,152.0,193.0964295193553,152.79180046916008,-0.9035704806447029,0.79180046916008,0.2640430888549967,True,3,2,0.4001029133796692
75,193.0,97.0,183.0,103.0,184.05532958358526,103.15300932526588,1.0553295835852623,0.1530093252658844,0.16003279106038443,False,3,2,0.0
78,489.0,286.0,475.0,302.0,473.5121046602726,302.0996797159314,-1.4878953397274017,0.09967971593141556,0.16376658529953028,True,9,5,0.3422810733318329
79,451.0,69.0,442.0,83.0,442.9734568595886,84.09576335549355,0.973456859588623,1.0957633554935455,0.1942262897817419,True,8,1,0.14904506504535675
249,457.0,80.0,449.0,99.0,448.148282378912,95.61642745137215,-0.851717621088028,-3.3835725486278534,0.1343917017903008,True,8,1,0.39333873987197876
80,394.0,34.0,387.0,48.0,387.0673933401704,47.12876698374748,0.06739334017038345,-0.8712330162525177,0.27985016606581486,True,7,0,0.11395710706710815
173,378.0,35.0,373.0,48.0,370.7614201307297,47.72344067692757,-2.2385798692703247,-0.27655932307243347,0.1336090992017005,True,7,0,0.35771870613098145
115,409.0,37.0,403.0,51.0,401.84930561482906,50.74206656217575,-1.1506943851709366,-0.25793343782424927,0.09953712745869485,True,7,0,0.1617612987756729
158,253.0,141.0,243.0,149.0,242.65856343507767,149.05395117774606,-0.34143656492233276,0.05395117774605751,0.4374230083161059,True,4,2,0.21264159679412842
170,250.0,107.0,241.0,116.0,240.77463313937187,114.82633396983147,-0.22536686062812805,-1.1736660301685333,0.25332028176971516,True,4,2,0.298338919878006
241,192.0,228.0,179.0,234.0,178.53980034589767,233.52661126852036,-0.46019965410232544,-0.4733887314796448,0.34045193867291584,True,3,4,0.503356397151947
131,166.0,213.0,154.0,219.0,153.06596455723047,218.17255426943302,-0.9340354427695274,-0.8274457305669785,0.3126223864250296,True,3,4,0.08374037593603134
92,179.0,238.0,166.0,244.0,165.00045343796955,243.84122839570045,-0.9995465620304458,-0.1587716042995453,0.26246011388481927,False,3,4,0.0
139,171.0,230.0,158.0,234.0,157.16167260706425,235.889988347888,-0.8383273929357529,1.8899883478879929,0.20808634145446683,True,3,4,0.6426328420639038
105,231.0,410.0,210.0,417.0,211.11232933402061,417.1091763526201,1.1123293340206146,0.10917635262012482,0.22051144313200277,True,4,8,0.26719772815704346
167,75.0,132.0,65.0,135.0,64.95178319886327,133.88963397592306,-0.0482168011367321,-1.1103660240769386,0.5068374763812221,True,1,2,0.11640841513872147
286,82.0,108.0,73.0,110.0,72.85600420832634,109.87194553017616,-0.14399579167366028,-0.12805446982383728,0.47152255342649424,True,1,2,0.38909050822257996
108,92.0,139.0,81.0,143.0,81.89368163049221,141.22639970481396,0.8936816304922104,-1.7736002951860428,0.4105777871297081,True,1,2,0.43508443236351013
163,125.0,72.0,117.0,77.0,116.79201577603817,75.88055755198002,-0.20798422396183014,-1.1194424480199814,0.33139225474735284,False,2,1,0.0
113,154.0,72.0,147.0,78.0,145.88592047989368,76.88756105303764,-1.1140795201063156,-1.1124389469623566,0.28518689743414916,True,2,1,0.1398022621870041
222,144.0,71.0,135.0,75.0,136.35782060027122,75.41744941473007,1.357820600271225,0.417449414730072,0.12946070641140442,True,2,1,0.3392989933490753
182,437.0,463.0,415.0,477.0,415.1099908128381,477.55591037869453,0.10999081283807755,0.5559103786945343,0.2135287835394417,True,8,9,0.05836321413516998
114,451.0,468.0,428.0,483.0,428.8982977941632,482.950500652194,0.8982977941632271,-0.04949934780597687,0.17247981662361547,True,8,9,0.06078280508518219
283,440.0,453.0,421.0,465.0,418.18332792818546,468.1320348083973,-2.816672071814537,3.132034808397293,0.1444609253671165,True,8,9,0.6047566533088684
200,314.0,273.0,298.0,284.0,298.9335581511259,283.31408816576004,0.9335581511259079,-0.6859118342399597,0.33430908132197484,True,5,5,0.1169908195734024
119,315.0,289.0,299.0,297.0,299.4358903467655,299.3725285232067,0.4358903467655182,2.372528523206711,0.1490353854371737,True,5,5,0.18650400638580322
193,310.0,454.0,290.0,463.0,288.61779806017876,463.73810067772865,-1.3822019398212433,0.738100677728653,0.16748308655962188,True,5,9,0.3949620723724365
122,290.0,453.0,271.0,463.0,269.0190772693604,462.14449529349804,-1.980922730639577,-0.8555047065019608,0.1307522935151384,False,5,9,0.0
159,330.0,466.0,307.0,477.0,307.6333433687687,476.75157706439495,0.633343368768692,-0.24842293560504913,0.12882550167691065,True,5,9,0.43077555298805237
245,279.0,164.0,267.0,173.0,267.7374382019043,172.7751603126526,0.7374382019042969,-0.2248396873474121,0.4329232653890652,False,5,3,0.0
301,293.0,174.0,282.0,184.0,281.1237666532397,183.70468202233315,-0.876233346760273,-0.29531797766685486,0.17756111237810443,True,5,3,0.2358134537935257
183,419.0,219.0,406.0,233.0,404.96407475322485,233.96091333404183,-1.0359252467751503,0.9609133340418339,0.41580813077916523,True,7,4,1.237768530845642
148,409.0,233.0,395.0,247.0,395.1283093839884,246.7740670144558,0.12830938398838043,-0.2259329855442047,0.3765886837597128,False,7,4,0.0
130,378.0,237.0,364.0,249.0,364.09954702854156,249.2588391005993,0.09954702854156494,0.25883910059928894,0.26322226131577064,True,7,4,0.24054205417633057
291,394.0,242.0,380.0,255.0,379.8977190852165,255.12236110121012,-0.10228091478347778,0.12236110121011734,0.25409946907436026,True,7,4,0.07827410846948624
137,484.0,322.0,466.0,340.0,467.05013213306665,338.12186366319656,1.0501321330666542,-1.8781363368034363,0.32643584265043296,True,9,6,0.04375506564974785
164,491.0,308.0,474.0,325.0,474.97095247358084,324.13099175691605,0.9709524735808372,-0.8690082430839539,0.2338780372214415,True,9,6,0.5441361665725708
271,357.0,196.0,345.0,207.0,345.0969474092126,207.27468320727348,0.09694740921258926,0.2746832072734833,0.4020955888705605,True,6,4,0.7836468815803528
147,339.0,210.0,325.0,221.0,326.4863939881325,221.2428960353136,1.4863939881324768,0.24289603531360626,0.266955923869495,False,6,4,0.0
140,358.0,223.0,344.0,235.0,344.2202129513025,234.9925201907754,0.22021295130252838,-0.00747980922460556,0.15431295636959633,True,6,4,0.3861354887485504
151,380.0,354.0,362.0,366.0,362.116241723299,366.1906332820654,0.11624172329902649,0.19063328206539154,0.38717670146290556,True,7,7,0.3697105944156647
278,438.0,419.0,418.0,433.0,419.744472771883,431.8632098287344,1.7444727718830109,-1.1367901712656021,0.29189029568702773,True,8,8,2.667471408843994
152,447.0,445.0,427.0,460.0,425.2423284947872,460.01781005226076,-1.7576715052127838,0.017810052260756493,0.21308939462788185,False,8,8,0.0
280,458.0,395.0,436.0,414.0,439.0,410.0,3.0,-4.0,0.11978169816736758,False,8,8,0.0
155,251.0,90.0,242.0,96.0,242.20315019786358,98.35308262705803,0.2031501978635788,2.353082627058029,0.1421264593684284,True,4,1,0.21038241684436798
160,62.0,294.0,47.0,296.0,46.50881779193878,295.2015348225832,-0.49118220806121826,-0.7984651774168015,0.23319762793809895,True,0,5,0.4699215590953827
202,456.0,135.0,446.0,150.0,445.7168178856373,149.61206540465355,-0.2831821143627167,-0.3879345953464508,0.35475791556785147,False,8,2,0.0
161,464.0,112.0,453.0,128.0,454.2382451891899,127.89463439583778,1.2382451891899109,-0.10536560416221619,0.30223603981289815,True,8,2,0.3233048915863037
165,461.0,96.0,452.0,111.0,451.89108393341303,111.37942627072334,-0.10891606658697128,0.3794262707233429,0.2962124928383831,True,8,2,0.11922057718038559
174,400.0,436.0,381.0,449.0,379.41320568323135,449.15237624943256,-1.5867943167686462,0.15237624943256378,0.2719219335675263,True,7,8,0.33151695132255554
184,381.0,437.0,360.0,450.0,359.61923506855965,449.6363588273525,-0.3807649314403534,-0.3636411726474762,0.2343254421260535,True,7,8,0.4480896294116974
234,419.0,431.0,395.0,446.0,398.0483099594712,444.96389401331544,3.0483099594712257,-1.0361059866845608,0.21760655227600528,True,7,8,0.2243727743625641
187,387.0,445.0,369.0,459.0,365.0,458.0,-4.0,-1.0,0.18836187971659443,True,7,8,0.8122203946113586
175,100.0,418.0,80.0,421.0,79.82485981285572,420.72739240527153,-0.17514018714427948,-0.27260759472846985,0.11405286360364075,True,1,8,0.13040697574615479
253,468.0,250.0,454.0,265.0,453.9152789115906,264.89891335368156,-0.08472108840942383,-0.10108664631843567,0.3157022170919147,True,8,5,0.8166809678077698
178,451.0,264.0,436.0,279.0,436.42649537324905,279.11194517463446,0.42649537324905396,0.11194517463445663,0.2978635531538638,True,8,5,0.3799775242805481
302,423.0,286.0,411.0,301.0,407.0,300.0,-4.0,-1.0,0.16637590137758596,True,8,5,0.3145175278186798
198,466.0,376.0,447.0,387.0,447.0,391.0,0.0,4.0,0.25094464769551744,True,8,7,0.5250293612480164
190,468.0,343.0,450.0,359.0,450.24281671643257,358.77957344055176,0.2428167164325714,-0.2204265594482422,0.20981887492717652,False,8,7,0.0
194,318.0,213.0,304.0,224.0,305.24480687081814,223.42333322763443,1.2448068708181381,-0.5766667723655701,0.14523483949031712,True,5,4,0.31076738238334656
216,322.0,198.0,307.0,208.0,309.2316399663687,208.79688994586468,2.2316399663686752,0.7968899458646774,0.07591885284610367,True,5,4,0.3228786885738373
197,46.0,308.0,30.0,309.0,29.824105232954025,308.7034848332405,-0.17589476704597473,-0.29651516675949097,0.15734009037955746,True,0,6,0.2966952621936798
219,350.0,455.0,328.0,467.0,328.11251486837864,466.7142981290817,0.11251486837863922,-0.2857018709182739,0.21403223300099314,True,6,9,0.3962564766407013
235,225.0,279.0,209.0,286.0,209.56496024131775,285.848467618227,0.564960241317749,-0.151532381772995,0.14871519839661687,True,4,5,0.3233993947505951
256,108.0,80.0,100.0,83.0,100.00991663802415,83.05434085428715,0.009916638024151325,0.05434085428714752,0.3919888488959753,True,1,1,0.31649500131607056
289,92.0,91.0,84.0,93.0,82.97208416648209,94.00086924032075,-1.027915833517909,1.0008692403207533,0.29778375436731147,False,1,1,0.0
258,382.0,103.0,374.0,117.0,373.2732281088829,115.41572201251984,-0.726771891117096,-1.5842779874801636,0.16111489139821794,True,7,2,0.6241748929023743
272,318.0,319.0,301.0,330.0,300.98705290816724,329.9558443725109,-0.012947091832756996,-0.044155627489089966,0.2262257417289802,True,5,6,0.618716299533844
